id,name,model_id:id,group_id:id,perm_read,perm_write,perm_create,perm_unlink
access_evoluta_municipio_admin,access.evoluta.municipio.admin,model_evoluta_municipio,evoluta_group_admin,1,1,1,1
access_evoluta_municipio_sec,access.evoluta.municipio.sec,model_evoluta_municipio,evoluta_group_secretario,1,0,0,0
access_evoluta_municipio_ate,access.evoluta.municipio.ate,model_evoluta_municipio,evoluta_group_atendente,1,0,0,0
access_evoluta_secretaria_admin,access.evoluta.secretaria.admin,model_evoluta_secretaria,evoluta_group_admin,1,1,1,1
access_evoluta_secretaria_sec,access.evoluta.secretaria.sec,model_evoluta_secretaria,evoluta_group_secretario,1,0,0,0
access_evoluta_secretaria_ate,access.evoluta.secretaria.ate,model_evoluta_secretaria,evoluta_group_atendente,1,0,0,0
access_evoluta_departamento_admin,access.evoluta.departamento.admin,model_evoluta_departamento,evoluta_group_admin,1,1,1,1
access_evoluta_departamento_sec,access.evoluta.departamento.sec,model_evoluta_departamento,evoluta_group_secretario,1,0,0,0
access_evoluta_departamento_ate,access.evoluta.departamento.ate,model_evoluta_departamento,evoluta_group_atendente,1,0,0,0
access_evoluta_plano_admin,access.evoluta.plano.admin,model_evoluta_plano,evoluta_group_admin,1,1,1,1
access_evoluta_plano_sec,access.evoluta.plano.sec,model_evoluta_plano,evoluta_group_secretario,1,0,0,0
access_evoluta_onboarding_admin,access.evoluta.onboarding.admin,model_evoluta_onboarding,evoluta_group_admin,1,1,1,1
access_evoluta_onboarding_sec,access.evoluta.onboarding.sec,model_evoluta_onboarding,evoluta_group_secretario,1,1,0,0
access_evoluta_onboarding_ate,access.evoluta.onboarding.ate,model_evoluta_onboarding,evoluta_group_atendente,1,1,0,0
